{
  "epoch": [
    1,
    2
  ],
  "train_loss": [
    0.9510411677002539,
    0.8539461508657363
  ],
  "val_rmse": [
    1.1420080661773682,
    1.1122472286224365
  ],
  "val_mae": [
    0.879411518573761,
    0.8624177575111389
  ],
  "val_r2": [
    0.16703951358795166,
    0.20988798141479492
  ],
  "lr": [
    0.001,
    0.001
  ],
  "epoch_time_sec": [
    32.800955053418875,
    26.318082358688116
  ]
}