{
  "y_mu": -1.3884976416786183,
  "y_sd": 1.2778349353774847,
  "fitted_on": "train_split_only"
}