{
  "y_mu": -1.3879706467551092,
  "y_sd": 1.277198809257612,
  "fitted_on": "train_split_only"
}